insert into tab_cozinha (nom_cozinha) values ('Tailandesa');
insert into tab_cozinha (nom_cozinha) values ('Indiana');
insert into tab_cozinha (nom_cozinha) values ('Brasileira');
insert into tab_cozinha (nom_cozinha) values ('Argentina');

insert into estado (id, nome) values (1, 'Minas Gerais');
insert into estado (id, nome) values (2, 'São Paulo');

insert into cidade (id, nome, estado_id) values (1, 'Uberlândia', 1);
insert into cidade (id, nome, estado_id) values (2, 'Belo Horizonte', 1);
insert into cidade (id, nome, estado_id) values (3, 'São Paulo', 2);
insert into cidade (id, nome, estado_id) values (4, 'Campinas', 2);

insert into restaurante (id, nome, taxa_frete, cozinha_id, data_cadastro, data_atualizacao, endereco_cidade_id, endereco_cep, endereco_logradouro, endereco_numero, endereco_bairro) values (1, 'Thai Gourmet', 10, 1, utc_timestamp, utc_timestamp, 1, '38400-999', 'Rua Joao Pinheiro', '1000', 'centro');
insert into restaurante (id, nome, taxa_frete, cozinha_id, data_cadastro, data_atualizacao) values (2, 'Thai Delivery', 9.50, 1, utc_timestamp, utc_timestamp);
insert into restaurante (id, nome, taxa_frete, cozinha_id, data_cadastro, data_atualizacao) values (3, 'Java SteakHouse', 12.50, 3, utc_timestamp, utc_timestamp);
insert into restaurante (id, nome, taxa_frete, cozinha_id, data_cadastro, data_atualizacao) values (4, 'Lanchonete Tio Sam', 11.40, 4, utc_timestamp, utc_timestamp);
insert into restaurante (id, nome, taxa_frete, cozinha_id, data_cadastro, data_atualizacao) values (5, 'Bar da Maria', 6.50, 4, utc_timestamp, utc_timestamp);

insert into forma_pagamento (id, descricao) values (1, 'Cartão de crédito');
insert into forma_pagamento (id, descricao) values (2, 'Cartão de débito');

insert into permissao (id, nome, descricao) values (1, 'CONSULTAR_COZINHAS', 'Permite consultar cozinhas');
insert into permissao (id, nome, descricao) values (2, 'EDITAR_COZINHAS', 'Permite editar cozinhas');

insert into restaurante_forma_pagamento (restaurante_id, forma_pagamento_id) values (1, 1), (1, 2), (2, 2), (2, 1);
insert into restaurante_forma_pagamento (restaurante_id, forma_pagamento_id) values (1, 1), (1, 2), (2, 2), (2, 1);

insert into produto (nome, descricao, preco, ativo, restaurante_id) values ('Porco com molho agridoce', 'Deliciosa carne suína ao molho especial', 78.90, 1, 1);
insert into produto (nome, descricao, preco, ativo, restaurante_id) values ('Camarão Tailandês', '16 camarões grandes ao molho picante', 110, 1, 1);
insert into produto (nome, descricao, preco, ativo, restaurante_id) values ('Salada picante com carne grelhadae', 'Salada de folhas com cortes finos de carne bovina grelhada e nosso molho especial de pimenta vermelha', 87.20, 1, 2);
insert into produto (nome, descricao, preco, ativo, restaurante_id) values ('Garlic Naan', 'Pão tradicional indiano com cobertuta de alho', 21, 1, 3);
insert into produto (nome, descricao, preco, ativo, restaurante_id) values ('Murg Curry', 'Cubos de frango preoparados com molho curry e especiarias', 43, 1, 3);
insert into produto (nome, descricao, preco, ativo, restaurante_id) values ('Bife Ancho', 'Corte macio e suculento, com dois dedos de espessura, retirado da parte dianteira do contrafilé', 79, 1, 4);
insert into produto (nome, descricao, preco, ativo, restaurante_id) values ('Sanduíche X-tudo', 'Sandubão com muito queijo, hamburguer bovino, ovo, salada e maionese', 19, 1, 5);








